{
	"welcomeFile": "/webapp/index.html",
	"routes": [{
		"path": "/resources",
		"target": {
			"type": "service",
			"name": "sapui5",
			"entryPath": "/resources"
		},
		"description": "SAPUI5 Resources"
	}, {
		"path": "/openweathermap",
		"target": {
			"type": "destination",
			"name": "openweathermap"
		},
		"description": "OpenWeather System"
	}, {
		"path": "/iotmms",
		"target": {
			"type": "destination",
			"name": "iotmms"
		},
		"description": "iot MMS HCP"
	}, {
		"path": "/test-resources",
		"target": {
			"type": "service",
			"name": "sapui5",
			"entryPath": "/test-resources"
		},
		"description": "SAPUI5 Test Resources"
	}],
	"sendWelcomeFileRedirect": true
}